step,skill,lm_loss,router_loss,router_acc,tok_per_s
0,story,6.9476,1.3855,,447
25,qa,5.8956,1.3879,,6869
50,math,4.0321,1.2129,,9566
75,count,3.2176,1.1383,,11050
100,story,5.7562,0.003,,11992
125,qa,3.0886,0.0037,,12643
150,math,1.7765,0.0032,,13123
175,count,1.1498,0.0032,,13482
200,story,4.9506,0.0099,,13759
225,qa,1.9398,0.0007,,13991
249,EVAL,2.0396,,1.0,
250,math,1.2054,0.0002,,14064
275,count,0.7027,0.0009,,14229
300,story,4.4994,0.0007,,14370
325,qa,1.3194,0.0009,,14492
350,math,1.1639,0.0004,,14599
375,count,0.5488,0.0001,,14694
400,story,4.2545,0.0012,,14775
425,qa,0.9168,0.0008,,14849
450,math,1.1339,0.0,,14915
475,count,0.4948,0.0005,,14974
499,EVAL,1.5395,,1.0,
500,story,4.0694,0.0002,,14961
525,qa,0.7138,0.0009,,15015
550,math,1.114,0.0003,,15062
575,count,0.4619,0.0003,,15107
600,story,3.8795,0.0001,,15149
625,qa,0.5123,0.0003,,15186
650,math,1.0914,0.0001,,15218
675,count,0.4225,0.0001,,15250
700,story,3.7852,0.0001,,15279
725,qa,0.43,0.0002,,15307
749,EVAL,1.3319,,1.0,
750,math,1.0859,0.0,,15284
775,count,0.3912,0.0002,,15310
800,story,3.5953,0.0001,,15335
825,qa,0.3967,0.0001,,15357
850,math,1.0662,0.0003,,15379
875,count,0.3784,0.0,,15400
900,story,3.4901,0.0,,15419
925,qa,0.3845,0.0001,,15438
950,math,1.046,0.0001,,15456
975,count,0.3728,0.0002,,15472
999,EVAL,1.2525,,1.0,
1000,story,3.3656,0.0001,,15452
1025,qa,0.3684,0.0001,,15468
1050,math,1.0282,0.0,,15483
1075,count,0.3615,0.0,,15498
1100,story,3.3574,0.0001,,15512
1125,qa,0.3661,0.0002,,15526
1150,math,1.0036,0.0,,15539
1175,count,0.3611,0.0,,15551
1200,story,3.3052,0.0,,15563
1225,qa,0.3554,0.0002,,15573
1249,EVAL,1.1811,,1.0,
1250,math,0.9829,0.0,,15552
1275,count,0.3612,0.0001,,15559
1300,story,3.1306,0.0,,15566
1325,qa,0.3523,0.0,,15573
1350,math,0.9732,0.0,,15578
1375,count,0.3668,0.0,,15584
1400,story,3.2006,0.0,,15590
1425,qa,0.3467,0.0,,15597
1450,math,0.9516,0.0,,15603
1475,count,0.3584,0.0,,15609
1499,EVAL,1.1294,,1.0,
1500,story,3.2067,0.0,,15591
1525,qa,0.3517,0.0001,,15598
1550,math,0.9385,0.0001,,15604
1575,count,0.3569,0.0,,15609
1600,story,3.0773,0.0,,15614
1625,qa,0.3397,0.0001,,15619
1650,math,0.9347,0.0,,15622
1675,count,0.3494,0.0,,15626
1700,story,3.0576,0.0,,15631
1725,qa,0.3431,0.0001,,15637
1749,EVAL,1.104,,1.0,
1750,math,0.9002,0.0,,15623
1775,count,0.3522,0.0,,15629
1800,story,3.0679,0.0,,15635
1825,qa,0.3388,0.0001,,15640
1850,math,0.9033,0.0,,15645
1875,count,0.3568,0.0,,15646
1900,story,2.9814,0.0,,15651
1925,qa,0.334,0.0001,,15654
1950,math,0.9047,0.0,,15657
1975,count,0.3492,0.0,,15661
1999,EVAL,1.0675,,1.0,
2000,story,2.8748,0.0,,15645
2025,qa,0.3402,0.0,,15650
2050,math,0.8788,0.0,,15652
2075,count,0.354,0.0,,15655
2100,story,2.8545,0.0,,15659
2125,qa,0.335,0.0,,15662
2150,math,0.8547,0.0,,15666
2175,count,0.3471,0.0,,15670
2200,story,2.845,0.0,,15673
2225,qa,0.3266,0.0001,,15675
2249,EVAL,1.0477,,1.0,
2250,math,0.8826,0.0,,15660
2275,count,0.3579,0.0,,15662
2300,story,2.9015,0.0,,15666
2325,qa,0.3253,0.0,,15671
2350,math,0.8449,0.0,,15675
2375,count,0.3503,0.0,,15679
2400,story,2.8383,0.0,,15683
2425,qa,0.3265,0.0,,15688
2450,math,0.8395,0.0,,15692
2475,count,0.3526,0.0,,15696
2499,EVAL,1.0415,,1.0,
2500,story,2.8945,0.0,,15686
2525,qa,0.329,0.0,,15689
2550,math,0.848,0.0,,15693
2575,count,0.3463,0.0,,15697
2600,story,2.7657,0.0001,,15701
2625,qa,0.3302,0.0001,,15705
2650,math,0.8426,0.0,,15708
2675,count,0.3491,0.0,,15712
2700,story,2.8867,0.0,,15715
2725,qa,0.3306,0.0,,15719
2749,EVAL,1.0138,,1.0,
2750,math,0.8468,0.0,,15709
2775,count,0.3505,0.0,,15712
2800,story,2.6915,0.0,,15716
2825,qa,0.3269,0.0,,15719
2850,math,0.826,0.0,,15722
2875,count,0.3472,0.0,,15725
2900,story,2.7365,0.0001,,15728
2925,qa,0.3184,0.0,,15731
2950,math,0.8331,0.0,,15734
2975,count,0.3475,0.0,,15737
2999,EVAL,0.9972,,1.0,
3000,story,2.7267,0.0,,15727
3025,qa,0.3259,0.0,,15730
3050,math,0.8284,0.0,,15734
3075,count,0.3474,0.0,,15736
3100,story,2.6976,0.0,,15739
3125,qa,0.3209,0.0,,15742
3150,math,0.8269,0.0,,15745
3175,count,0.3478,0.0,,15747
3200,story,2.7248,0.0,,15750
3225,qa,0.331,0.0,,15752
3249,EVAL,0.9912,,1.0,
3250,math,0.8172,0.0001,,15744
3275,count,0.3491,0.0,,15746
3300,story,2.6582,0.0,,15749
3325,qa,0.3184,0.0,,15752
3350,math,0.8262,0.0,,15754
3375,count,0.3467,0.0,,15757
3400,story,2.6729,0.0,,15759
3425,qa,0.329,0.0,,15761
3450,math,0.8221,0.0,,15763
3475,count,0.3504,0.0,,15766
3499,EVAL,1.0011,,1.0,
3500,story,2.6351,0.0,,15757
3525,qa,0.3201,0.0,,15760
3550,math,0.8164,0.0,,15762
3575,count,0.3489,0.0,,15764
3600,story,2.6351,0.0,,15766
3625,qa,0.3233,0.0,,15768
3650,math,0.8149,0.0,,15771
3675,count,0.3495,0.0,,15773
3700,story,2.6167,0.0,,15775
3725,qa,0.3214,0.0,,15777
3749,EVAL,0.9745,,1.0,
3750,math,0.8031,0.0,,15769
3775,count,0.3497,0.0,,15771
3800,story,2.7414,0.0,,15773
3825,qa,0.3237,0.0001,,15776
3850,math,0.8207,0.0,,15778
3875,count,0.3429,0.0,,15780
3900,story,2.6029,0.0,,15782
3925,qa,0.3189,0.0,,15784
3950,math,0.7999,0.0,,15785
3975,count,0.3481,0.0,,15787
3999,EVAL,0.9727,,1.0,
4000,story,2.5692,0.0,,15780
4025,qa,0.317,0.0,,15782
4050,math,0.7995,0.0,,15784
4075,count,0.3454,0.0,,15786
4100,story,2.6512,0.0,,15787
4125,qa,0.3161,0.0,,15789
4150,math,0.8061,0.0,,15791
4175,count,0.3503,0.0,,15793
4200,story,2.5007,0.0,,15794
4225,qa,0.32,0.0,,15795
4249,EVAL,0.9658,,1.0,
4250,math,0.7972,0.0,,15787
4275,count,0.3392,0.0,,15789
4300,story,2.5733,0.0,,15790
4325,qa,0.3163,0.0,,15792
4350,math,0.8054,0.0,,15794
4375,count,0.3428,0.0,,15796
4400,story,2.6657,0.0,,15797
4425,qa,0.3128,0.0,,15799
4450,math,0.8097,0.0,,15801
4475,count,0.3443,0.0,,15803
4499,EVAL,0.9595,,1.0,
4500,story,2.568,0.0,,15796
4525,qa,0.3158,0.0,,15797
4550,math,0.7784,0.0,,15798
4575,count,0.3423,0.0,,15800
4600,story,2.5181,0.0,,15801
4625,qa,0.3176,0.0,,15801
4650,math,0.7992,0.0,,15802
4675,count,0.3451,0.0,,15804
4700,story,2.5743,0.0,,15805
4725,qa,0.3133,0.0,,15806
4749,EVAL,0.9611,,1.0,
4750,math,0.794,0.0,,15797
4775,count,0.3437,0.0,,15797
4800,story,2.4931,0.0,,15797
4825,qa,0.3175,0.0,,15797
4850,math,0.7889,0.0,,15797
4875,count,0.3462,0.0,,15796
4900,story,2.5028,0.0,,15795
4925,qa,0.3134,0.0,,15795
4950,math,0.7844,0.0,,15794
4975,count,0.3422,0.0,,15793
4999,EVAL,0.9413,,1.0,
5000,story,2.63,0.0,,15785
5025,qa,0.3121,0.0,,15786
5050,math,0.8022,0.0,,15786
5075,count,0.3454,0.0,,15786
5100,story,2.563,0.0,,15787
5125,qa,0.3115,0.0,,15787
5150,math,0.7787,0.0,,15787
5175,count,0.339,0.0,,15785
5200,story,2.6093,0.0,,15785
5225,qa,0.3171,0.0,,15785
5249,EVAL,0.9403,,1.0,
5250,math,0.7903,0.0,,15777
5275,count,0.3416,0.0,,15777
5300,story,2.5683,0.0,,15777
5325,qa,0.3087,0.0,,15777
5350,math,0.7861,0.0,,15776
5375,count,0.3447,0.0,,15775
5400,story,2.5771,0.0,,15775
5425,qa,0.3162,0.0,,15774
5450,math,0.7808,0.0,,15774
5475,count,0.3396,0.0,,15773
5499,EVAL,0.9418,,1.0,
5500,story,2.5523,0.0,,15766
5525,qa,0.3112,0.0,,15766
5550,math,0.7749,0.0,,15766
5575,count,0.3448,0.0,,15766
5600,story,2.4056,0.0,,15766
5625,qa,0.3183,0.0,,15766
5650,math,0.778,0.0,,15767
5675,count,0.3448,0.0,,15767
5700,story,2.5427,0.0,,15768
5725,qa,0.3144,0.0,,15770
5749,EVAL,0.9394,,1.0,
5750,math,0.7777,0.0,,15764
5775,count,0.3465,0.0,,15765
5800,story,2.4983,0.0,,15766
5825,qa,0.3136,0.0,,15767
5850,math,0.7792,0.0,,15768
5875,count,0.3479,0.0,,15769
5900,story,2.4965,0.0,,15770
5925,qa,0.3145,0.0,,15771
5950,math,0.7793,0.0,,15772
5975,count,0.3425,0.0,,15774
5999,count,0.342,0.0,,15775
5999,EVAL,0.9352,,1.0,
